{"name":"redCylinder","objPosX":3.9563088417053224,"objPosY":1.3332377672195435,"objPosZ":0.0,"objRotX":0.0,"objRotY":0.0,"objRotZ":0.0,"objRotW":0.0}