{"name":"Cylinder","objPosX":1.0,"objPosY":0.0,"objPosZ":0.0,"objRotX":0.5773503184318543,"objRotY":0.5773503184318543,"objRotZ":0.5773503184318543,"objRotW":0.0}