{"name":"redCylinder","objPosX":2.683408498764038,"objPosY":0.3671983480453491,"objPosZ":0.0,"objRotX":0.0,"objRotY":0.0,"objRotZ":0.0,"objRotW":0.0,"scaleX":1.0,"scaleY":1.0,"scaleZ":1.0}