{"name":"redCapsule","objPosX":1.1950794458389283,"objPosY":0.11036370694637299,"objPosZ":0.0,"objRotX":0.0,"objRotY":0.0,"objRotZ":0.0,"objRotW":0.0,"scaleX":1.8499993085861207,"scaleY":1.8499993085861207,"scaleZ":1.8499993085861207}