{"name":"Cube","objPosX":-2.1183135509490969,"objPosY":1.2414366006851197,"objPosZ":-0.010213851928710938,"objRotX":-0.5773502588272095,"objRotY":-0.5773502588272095,"objRotZ":-0.5773502588272095,"objRotW":0.0,"scaleX":1.0,"scaleY":1.0,"scaleZ":1.0}