{"name":"Cube","objPosX":-2.1183135509490969,"objPosY":1.2414366006851197,"objPosZ":-0.010213851928710938,"objRotX":-0.5773503184318543,"objRotY":-0.5773503184318543,"objRotZ":-0.5773503184318543,"objRotW":0.0}