{"name":"redCube","objPosX":-2.768568992614746,"objPosY":-1.7411038875579835,"objPosZ":0.0,"objRotX":-0.5773503184318543,"objRotY":-0.5773503184318543,"objRotZ":-0.5773503184318543,"objRotW":0.0}