{"name":"Sphere","objPosX":-1.4462021589279175,"objPosY":-1.344831109046936,"objPosZ":0.0,"objRotX":-0.5773503184318543,"objRotY":-0.5773503184318543,"objRotZ":-0.5773503184318543,"objRotW":0.0}