{"name":"redCube","objPosX":2.77762508392334,"objPosY":-2.1502442359924318,"objPosZ":0.0,"objRotX":-0.5773503184318543,"objRotY":-0.5773503184318543,"objRotZ":-0.5773503184318543,"objRotW":0.0,"scaleX":1.0,"scaleY":1.0,"scaleZ":1.0}