{"name":"redCapsule","objPosX":1.0328407287597657,"objPosY":-0.24332241714000703,"objPosZ":0.014943599700927735,"objRotX":0.12463852018117905,"objRotY":0.12463852018117905,"objRotZ":0.12463852018117905,"objRotW":0.0,"scaleX":1.7999993562698365,"scaleY":1.7999993562698365,"scaleZ":1.7999993562698365}