{"name":"Capsule","objPosX":0.8643791675567627,"objPosY":-0.3599541187286377,"objPosZ":0.0,"objRotX":-0.5773503184318543,"objRotY":-0.5773503184318543,"objRotZ":-0.5773503184318543,"objRotW":0.0}