{"name":"Capsule","objPosX":0.6257124543190002,"objPosY":-0.9623081684112549,"objPosZ":0.0,"objRotX":-0.5773502588272095,"objRotY":-0.5773502588272095,"objRotZ":-0.5773502588272095,"objRotW":0.0,"scaleX":1.5999994277954102,"scaleY":1.5999994277954102,"scaleZ":1.5999994277954102}