{"name":"redCapsule","objPosX":-1.2143348455429078,"objPosY":1.5651049613952637,"objPosZ":0.0,"objRotX":0.0,"objRotY":0.0,"objRotZ":0.0,"objRotW":0.0}