{"name":"Sphere","objPosX":2.8157315254211427,"objPosY":0.4849593937397003,"objPosZ":0.0,"objRotX":-0.5773502588272095,"objRotY":-0.5773502588272095,"objRotZ":-0.5773502588272095,"objRotW":0.0,"scaleX":1.0,"scaleY":1.0,"scaleZ":1.0}