{"name":"Cylinder","objPosX":-4.159775733947754,"objPosY":1.3979113101959229,"objPosZ":0.0,"objRotX":0.5773503184318543,"objRotY":0.5773503184318543,"objRotZ":0.5773503184318543,"objRotW":0.0,"scaleX":1.0,"scaleY":1.0,"scaleZ":1.0}