{"name":"Cylinder","objPosX":1.0,"objPosY":0.0,"objPosZ":0.0,"objRotX":0.5773502588272095,"objRotY":0.5773502588272095,"objRotZ":0.5773502588272095,"objRotW":0.0}