{"name":"redSphere","objPosX":3.6316943168640138,"objPosY":-1.1709305047988892,"objPosZ":0.0,"objRotX":0.0,"objRotY":0.0,"objRotZ":0.0,"objRotW":0.0,"scaleX":1.0,"scaleY":1.0,"scaleZ":1.0}