{"name":"Cube","objPosX":-2.1183135509490969,"objPosY":1.2414366006851197,"objPosZ":-0.010213851928710938,"objRotX":-0.3009437918663025,"objRotY":-0.3009437918663025,"objRotZ":-0.3009437918663025,"objRotW":0.0,"scaleX":2.1499996185302736,"scaleY":2.1499996185302736,"scaleZ":2.1499996185302736}